"Name","Rating","Reviews"
"Create a Secure RESTful API Gateway for PowerShell Scripts","4/5","-"
"Create a Secure RESTful API Gateway for PowerShell Scripts","5/5","-"
"Create a Secure RESTful API Gateway for PowerShell Scripts","4/5","-"
"Create a Secure RESTful API Gateway for PowerShell Scripts","3/5","-"
"Create a Secure RESTful API Gateway for PowerShell Scripts","5/5","Eh, the demo crashed and burned, but the idea is a cool one! Thank you"
"Create a Secure RESTful API Gateway for PowerShell Scripts","4/5","Stinks that the demo didnt work. But pivoted well. "
"Create a Secure RESTful API Gateway for PowerShell Scripts","5/5","-"
