"Name","Rating","Reviews"
"dbatools for Systems Engineers and Accidental DBAs","5/5","Yayy this was great!  Thanks for the great tak and content!"
"dbatools for Systems Engineers and Accidental DBAs","4/5","-"
"dbatools for Systems Engineers and Accidental DBAs","5/5","Chrissy delivered a ton of immediately useful information and was enthusiastic and engaging on the topic. My ONLY complaint is that the setup for remote presenters has their webcam in a tiny PIP window - it might be nice to have the webcam on a side TV a bit larger"
"dbatools for Systems Engineers and Accidental DBAs","5/5","-"
"dbatools for Systems Engineers and Accidental DBAs","5/5","Perfectly executed session. Love learning from Chrissy Lemaire. Super intelligent and fun!"
"dbatools for Systems Engineers and Accidental DBAs","5/5","Sounds like a great module. The presenter’s enthusiasm was really cool."
"dbatools for Systems Engineers and Accidental DBAs","5/5","Fantastic tool and session. Chrissy is really eloquent and a knowledgeable presenter. My only critism would be not to use such a high resolution display when presenting, some items were hard to see."
"dbatools for Systems Engineers and Accidental DBAs","5/5","Absolutely something I've been missing my whole life."
"dbatools for Systems Engineers and Accidental DBAs","5/5","Wonderful presentation and information. You can tell the presenter is deeply knowledgeable and passionate "
