"Name","Rating","Reviews"
"Non-coding skills for successful Automation in your organisation","5/5","-"
"Non-coding skills for successful Automation in your organisation","5/5","-"
"Non-coding skills for successful Automation in your organisation","4/5","-"
"Non-coding skills for successful Automation in your organisation","4/5","-"
"Non-coding skills for successful Automation in your organisation","4/5","-"
"Non-coding skills for successful Automation in your organisation","5/5","I have quoted a few things from this several times"
