"Name","Rating","Reviews"
"PowerShell Tooling","5/5","-"
"PowerShell Tooling","5/5","-"
"PowerShell Tooling","4/5","-"
"PowerShell Tooling","5/5","-"
"PowerShell Tooling","5/5","-"
"PowerShell Tooling","5/5","-"
"PowerShell Tooling","2/5","That was nothing really new. "
"PowerShell Tooling","5/5","-"
"PowerShell Tooling","4/5","-"
"PowerShell Tooling","5/5","-"
"PowerShell Tooling","5/5","-"
"PowerShell Tooling","5/5","Still not sure who this Jason guy on the PS team is, but everyone else is fantastic! All joking aside, very excited to start exploring the use of Crescendo. "
