"Name","Rating","Reviews"
"State of the Shell","5/5","-"
"State of the Shell","5/5","-"
"State of the Shell","5/5","-"
"State of the Shell","5/5","Always great to hear what's new. But Jason needs the wireless mic 😉"
"State of the Shell","5/5","-"
"State of the Shell","5/5","Cool stuff, useful information."
"State of the Shell","5/5","-"
"State of the Shell","5/5","-"
"State of the Shell","5/5","-"
"State of the Shell","5/5","-"
"State of the Shell","5/5","-"
"State of the Shell","5/5","Awesome job, enjoyed it"
"State of the Shell","4/5","nothing new...but new for some"
"State of the Shell","5/5","-"
"State of the Shell","5/5","-"
"State of the Shell","4/5","-"
