"Name","Rating","Reviews"
"Using Windows PowerShell to create scripts your users want to use","4/5","I have this same struggle in my organization with the adoption of tooling that I write. One thing that I use that I didn't see you mention was the ps2exe module. This let's you package your scripts into exes."
"Using Windows PowerShell to create scripts your users want to use","4/5","-"
"Using Windows PowerShell to create scripts your users want to use","4/5","-"
"Using Windows PowerShell to create scripts your users want to use","4/5","-"
